{"avg_train_loss":0.7191423369778527,"_runtime":577.792242644,"train_loss":0.5233014822006226,"ROUGE-L":0.07999252700141544,"learning_rate":2e-05,"val_loss":3.039608120918274,"_wandb":{"runtime":584},"_timestamp":1.7479491846020477e+09,"global_step":900,"BLEU-4":0.009764264883255264,"BLEU-2":0.02397371007460447,"BLEU-3":0.013289925348500254,"_step":99,"epoch":20,"BLEU-1":0.06976386615457805}