{"_step":2,"_wandb":{"runtime":29},"train_loss":8.04859733581543,"learning_rate":3e-06,"epoch":1,"global_step":30,"_timestamp":1.7506601545696943e+09,"_runtime":25.03385663}