{"learning_rate":5e-06,"val_loss":8.006279850006104,"BLEU-2":0.002350969941932026,"BLEU-4":0.0015914826200289466,"_step":152,"_runtime":722.527272532,"avg_train_loss":0.24634443693186925,"_wandb":{"runtime":726},"ROUGE-L":0.025104320904563198,"_timestamp":1.7502895943701153e+09,"global_step":1380,"BLEU-3":0.001805258316853238,"train_loss":0.3585910201072693,"epoch":30,"BLEU-1":0.006882935213493818}