{"_wandb":{"runtime":4522},"global_step":2760,"train_loss":0.36346322298049927,"BLEU-3":0.007076851683635749,"BLEU-4":0.005586988469954454,"avg_train_loss":0.4561022308425627,"_timestamp":1.7506282440345252e+09,"_step":285,"BLEU-1":0.03710602499585707,"epoch":20,"_runtime":4518.323241842,"ROUGE-L":0.04737747950488123,"learning_rate":5e-06,"val_loss":6.379183799028397,"BLEU-2":0.010179849996216534}