{"ROUGE-L":0.06461157176513785,"BLEU-4":0.0071433487508296475,"val_loss":3.4416017055511476,"learning_rate":2e-05,"BLEU-1":0.0410222151157108,"avg_train_loss":0.745748946401808,"_step":99,"train_loss":1.3006163835525513,"_runtime":469.853524479,"epoch":20,"BLEU-2":0.014500392564203435,"global_step":900,"_timestamp":1.748007545587897e+09,"_wandb":{"runtime":474},"BLEU-3":0.008991950622292985}