{"avg_train_loss":0.36658627345510153,"BLEU-2":0.006782625274422889,"BLEU-4":0.003906253358992585,"val_loss":6.309408813714981,"_wandb":{"runtime":2889},"BLEU-1":0.02355912630819617,"_runtime":2886.573902445,"epoch":20,"ROUGE-L":0.028905825635367827,"_timestamp":1.7506329006584163e+09,"BLEU-3":0.004821642310645546,"_step":9}