{"batch_loss":13.949361801147461,"_timestamp":1.747692605959424e+09,"_runtime":114.956689381,"_step":0,"_wandb":{"runtime":861}}