{"_runtime":118.974823762,"_step":3,"batch_loss":7.827930450439453,"llm_loss":7.827930450439453,"_timestamp":1.7479344768255389e+09,"epoch":1,"avg_train_loss":7.5015823258294,"_wandb":{"runtime":120}}