{"learning_rate":5e-06,"epoch":10,"_step":49,"val_loss":6.462671184539795,"BLEU-4":0.004754872289162264,"_wandb":{"runtime":260},"avg_train_loss":1.948075885242886,"_runtime":256.15695305,"BLEU-1":0.029857915598292463,"train_loss":1.3322222232818604,"BLEU-2":0.008422724706486659,"BLEU-3":0.005926870241960501,"_timestamp":1.7480133710003734e+09,"ROUGE-L":0.04253718563026675,"global_step":450}