{"_timestamp":1.7476820726470358e+09,"_runtime":170.834611105,"_wandb":{"runtime":1432},"_step":0,"batch_loss":12.091296195983887}