{"learning_rate":1.0000000000000002e-06,"_step":285,"global_step":2760,"train_loss":3.9597487449645996,"BLEU-1":0.06126451634119595,"BLEU-2":0.023198546552385298,"BLEU-3":0.012223824053767096,"epoch":20,"BLEU-4":0.00882628904074959,"_runtime":1607.627981343,"_wandb":{"runtime":1610},"ROUGE-L":0.065317024748366,"avg_train_loss":3.743171299713245,"val_loss":3.4830192178487778,"_timestamp":1.7506617864530015e+09}