{"_wandb":{"runtime":427},"_step":49,"BLEU-1":0.039999999999999994,"num_chunks":7,"learning_rate":5e-06,"avg_train_loss":1.9122867107391357,"BLEU-2":0.011922855922193738,"val_loss":6.915238857269287,"epoch":10,"_runtime":423.624629385,"codebook_loss":0.062148164957761765,"BLEU-3":0.00851654701385487,"BLEU-4":0.0068364830003085405,"codebook_usage":0.001953125,"train_loss":1.696144938468933,"codebook_entropy":0,"commitment_loss":0.062148164957761765,"global_step":450,"_timestamp":1.7500574602656937e+09,"ROUGE-L":0.05306265012147365}