{"batch_loss":3.829716682434082,"_wandb":{"runtime":31},"_timestamp":1.7479450045749118e+09,"_runtime":31.250802387,"_step":4}