{"enc_commitment_loss":1.2225077152252197,"_timestamp":1.747848377465759e+09,"_wandb":{"runtime":33},"_runtime":17.271358587,"_step":0,"batch_loss":14.442727088928223,"llm_loss":11.997712135314941,"codebook_loss":1.2225077152252197}