{"commitment_loss":0.03614412993192673,"val_loss":6.402666792273521,"global_step":2760,"ROUGE-L":0.04377233784405285,"BLEU-1":0.03696232651046393,"train_loss":0.8197859525680542,"_timestamp":1.7505789512496269e+09,"codebook_loss":0.03614412993192673,"_wandb":{"runtime":21535},"_step":285,"codebook_usage":0.001953125,"avg_train_loss":0.6305042954458706,"learning_rate":5e-06,"BLEU-4":0.004962864781733141,"BLEU-2":0.00929218475868717,"codebook_entropy":0,"_runtime":21530.865317012,"epoch":20,"num_chunks":5,"BLEU-3":0.006338610440641499}