{"batch_loss":12.557291984558105,"_timestamp":1.7476916815680053e+09,"_runtime":81.239725687,"_wandb":{"runtime":283},"_step":0}