{"BLEU-2":0.005252177400212402,"ROUGE-L":0.017825311942959002,"_runtime":270.125297362,"avg_train_loss":1.8012493186526828,"_timestamp":1.750176448547115e+09,"_wandb":{"runtime":274},"BLEU-3":0.0034370011446490595,"epoch":10,"BLEU-1":0.02271463904935478,"_step":4,"val_loss":6.581100940704346,"BLEU-4":0.0026704854154063888}