{"global_step":450,"learning_rate":1e-05,"_wandb":{"runtime":211},"BLEU-3":0.013339022977334428,"train_loss":0.15364663302898407,"_step":49,"BLEU-2":0.023562098566076495,"_runtime":206.764611108,"avg_train_loss":0.23263797478543388,"_timestamp":1.7480085180589912e+09,"BLEU-4":0.009804877866278056,"val_loss":2.953961420059204,"epoch":10,"BLEU-1":0.0771228946245195,"ROUGE-L":0.06329881180924825}