{"codebook_loss":1.1454541683197021,"enc_commitment_loss":1.1454541683197021,"_timestamp":1.747845785546462e+09,"_runtime":25.387633455,"_step":0,"_wandb":{"runtime":28},"batch_loss":12.610706329345703,"llm_loss":10.31979751586914}