{"epoch":1,"avg_train_loss":13.155213207668728,"_wandb":{"runtime":2516},"_runtime":2423.469509922,"_step":3,"batch_loss":13.106104850769043,"_timestamp":1.7476970024509385e+09}