{"_wandb":{"runtime":53},"batch_loss":12.275413513183594,"llm_loss":9.802732467651367,"codebook_loss":1.2363405227661133,"enc_commitment_loss":1.2363405227661133,"_timestamp":1.7478483051267147e+09,"_runtime":22.633226484,"_step":0}