{"_wandb":{"runtime":178},"_step":3,"batch_loss":13.17786693572998,"_timestamp":1.7477473984342926e+09,"_runtime":172.806742964,"epoch":1,"avg_train_loss":12.839006572299533}