{"BLEU-4":0.0032196432295214543,"ROUGE-L":0.023340501792114693,"_runtime":816.490287797,"epoch":30,"_timestamp":1.7502839564141138e+09,"_step":14,"avg_train_loss":0.2234834255443679,"BLEU-1":0.0163847830015652,"BLEU-2":0.005348443018050546,"BLEU-3":0.003931143063203248,"_wandb":{"runtime":822},"val_loss":7.475021266937256}