{"epoch":2,"global_step":200,"_timestamp":1.7506600708339963e+09,"_runtime":133.021876538,"_step":19,"train_loss":5.98046875,"learning_rate":4.81203007518797e-05,"_wandb":{"runtime":137}}