{"_runtime":243.225892184,"epoch":10,"BLEU-2":0.0052136799827985055,"learning_rate":5e-06,"_wandb":{"runtime":248},"_timestamp":1.7499982748312654e+09,"_step":49,"ROUGE-L":0.02834447415329768,"BLEU-1":0.016003656298431417,"global_step":450,"BLEU-4":0.0031240306571563865,"BLEU-3":0.0038261218365677695,"train_loss":2.019897222518921,"avg_train_loss":1.825352923075358,"val_loss":6.28237771987915}