{"global_step":450,"BLEU-3":0.006495527117642135,"codebook_entropy":0,"codebook_loss":0.05301094055175781,"_step":49,"num_chunks":8,"learning_rate":5e-06,"val_loss":5.057501649856567,"codebook_usage":0.001953125,"BLEU-2":0.009529957843223703,"_timestamp":1.7501457964970942e+09,"BLEU-4":0.005072509979646858,"avg_train_loss":1.5891171601083545,"ROUGE-L":0.03622060754126212,"_runtime":470.802771039,"_wandb":{"runtime":476},"commitment_loss":0.05301094055175781,"BLEU-1":0.036742824224290774,"train_loss":1.9433667659759521,"epoch":10}