{"avg_train_loss":11.402859687805176,"_step":4,"_runtime":251.224252863,"ROUGE-L":0,"val_loss":0,"BLEU-2":0,"epoch":10,"BLEU-1":0,"BLEU-3":0,"_timestamp":1.7500567471488056e+09,"_wandb":{"runtime":256},"BLEU-4":0}