{"_wandb":{"runtime":436},"BLEU-3":0.0063276395198593625,"ROUGE-L":0.06641028257004111,"train_loss":0.722477376461029,"val_loss":6.738581943511963,"_step":49,"_timestamp":1.7500560414441912e+09,"BLEU-2":0.009440572312316256,"epoch":10,"learning_rate":5e-06,"BLEU-1":0.03807253945413269,"global_step":450,"BLEU-4":0.004894718980695869,"_runtime":429.049604834,"avg_train_loss":1.4309261679649352}