{"_wandb":{"runtime":698},"batch_loss":14.437468528747559,"_timestamp":1.7476810797183373e+09,"_runtime":151.276549161,"_step":0}