{"_runtime":293.716615961,"_wandb":{"runtime":298},"ROUGE-L":0.023033033033033036,"BLEU-1":0.01838235294117647,"global_step":450,"val_loss":5.922402095794678,"BLEU-4":0.002613084727355758,"epoch":10,"BLEU-2":0.004804163818066555,"BLEU-3":0.0032940708201999987,"avg_train_loss":1.9307798133956062,"learning_rate":5e-06,"_timestamp":1.750009884536173e+09,"train_loss":1.529157280921936,"_step":49}