{"_step":0,"batch_loss":13.694230079650879,"llm_loss":11.304661750793457,"_wandb":{"runtime":122},"codebook_loss":1.19478440284729,"enc_commitment_loss":1.19478440284729,"_timestamp":1.7478460776648593e+09,"_runtime":107.960198432}