{"batch_loss":12.826457023620605,"BLEU-1":0,"epoch":2,"avg_train_loss":12.826457023620605,"ROUGE-L":0,"BLEU-4":0,"_wandb":{"runtime":23},"_runtime":23.372170133,"_step":5,"BLEU-2":0,"_timestamp":1.74773205283012e+09,"BLEU-3":0}