{"val_loss":7.213283729553223,"BLEU-2":0.005843931744426005,"avg_train_loss":0.15140888459152646,"BLEU-1":0.0180059566012506,"epoch":30,"_runtime":767.158358594,"_wandb":{"runtime":773},"BLEU-3":0.0042772219576800025,"ROUGE-L":0.021014492753623187,"_step":14,"_timestamp":1.7501774628274252e+09,"BLEU-4":0.003472047515980085}