{"_timestamp":1.7478682703906689e+09,"_runtime":49.28251093,"_step":1,"_wandb":{"runtime":54},"batch_loss":6.672890663146973,"llm_loss":6.672890663146973}