{"BLEU-4":0.011611442917825138,"_timestamp":1.7506832522744138e+09,"ROUGE-L":0.09383950594163858,"global_step":4140,"val_loss":2.6072496622800827,"train_loss":2.109628438949585,"_step":428,"BLEU-2":0.03123219513427557,"BLEU-3":0.015949674722709545,"learning_rate":4.058823529411765e-06,"_wandb":{"runtime":2151},"epoch":50,"BLEU-1":0.08485989160179148,"avg_train_loss":2.69262135806291,"_runtime":2147.550434652}