{"BLEU-2":0.04239741465949644,"BLEU-3":0.03319522028121025,"avg_train_loss":1.2406983639019122,"epoch":200,"_runtime":11627.352150472,"BLEU-1":0.08062974465281278,"val_loss":2.670037142932415,"learning_rate":1.0036363636363637e-06,"BLEU-4":0.028943528270992516,"_wandb":{"runtime":11630},"ROUGE-L":0.08965643006893416,"train_loss":1.7146406173706055,"global_step":24840,"_step":2287,"_timestamp":1.7507019378204165e+09}