{"_runtime":24.4475092,"_step":0,"_wandb":{"runtime":61},"batch_loss":12.730159759521484,"llm_loss":11.251302719116211,"codebook_loss":1.1830856800079346,"enc_commitment_loss":1.1830856800079346,"_timestamp":1.7478342476707804e+09}