{"_runtime":907.041267745,"_step":14,"epoch":30,"BLEU-3":0.007255696031819287,"BLEU-4":0.005912939696847067,"_wandb":{"runtime":913},"val_loss":8.78257474899292,"BLEU-2":0.009895985425952571,"_timestamp":1.750288783698595e+09,"avg_train_loss":0.24063317445309265,"BLEU-1":0.030414097378536082,"ROUGE-L":0.036040263090576036}