{"batch_loss":6.106438636779785,"epoch":1,"avg_train_loss":6.954594739278158,"_wandb":{"runtime":114},"llm_loss":6.106438636779785,"_timestamp":1.7478507710522306e+09,"_runtime":103.953818241,"_step":3}