{"_step":0,"_wandb":{"runtime":253},"batch_loss":14.979461669921875,"_timestamp":1.7476919897064328e+09,"_runtime":89.260876411}