{"train_loss":3.6127097606658936,"BLEU-3":0.01548048279524442,"val_loss":3.4171234518289566,"BLEU-1":0.07436314397240668,"_runtime":1477.136333345,"_wandb":{"runtime":1485},"ROUGE-L":0.07931571495034781,"epoch":20,"global_step":2760,"BLEU-2":0.024289648854628938,"_step":285,"BLEU-4":0.011141763238669151,"_timestamp":1.7506772365296352e+09,"learning_rate":1.0000000000000002e-06,"avg_train_loss":3.714131902957308}