{"_runtime":110.71286865,"_step":1,"_wandb":{"runtime":115},"batch_loss":12.715333938598633,"llm_loss":12.158834457397461,"codebook_loss":0.2782494127750397,"enc_commitment_loss":0.2782494127750397,"_timestamp":1.7478462159476392e+09}