{"BLEU-1":0.03845643520566121,"_step":49,"BLEU-3":0.007141286932557255,"val_loss":5.5191168785095215,"train_loss":2.011186122894287,"_timestamp":1.7499952811575227e+09,"BLEU-2":0.01032893192047608,"_runtime":262.189538288,"learning_rate":5e-06,"_wandb":{"runtime":266},"ROUGE-L":0.0485978835978836,"BLEU-4":0.005664454605355765,"avg_train_loss":2.033986563152737,"global_step":450,"epoch":10}