{"BLEU-4":0.0009109250643152446,"epoch":10,"BLEU-3":0.001005607412506085,"_runtime":254.219541002,"_step":49,"val_loss":6.621774196624756,"BLEU-1":0.0037188360024738307,"_timestamp":1.7501695951043978e+09,"avg_train_loss":4.588858127593994,"learning_rate":5e-06,"train_loss":3.873246669769287,"_wandb":{"runtime":259},"global_step":450,"ROUGE-L":0.007692307692307693,"BLEU-2":0.0012882425802602027}