{"batch_loss":12.117415428161621,"_timestamp":1.7476923035455587e+09,"_runtime":135.64598162,"_step":0,"_wandb":{"runtime":203}}