{"global_step":450,"BLEU-3":0.0011437705664925164,"_timestamp":1.7499962993587725e+09,"BLEU-4":0.0010847596378846364,"BLEU-1":0.004037930359893108,"_wandb":{"runtime":218},"_step":49,"avg_train_loss":0.21869026637739605,"ROUGE-L":0.017857142857142856,"_runtime":213.874077558,"learning_rate":1e-05,"BLEU-2":0.0014276239697197267,"epoch":10,"val_loss":2.4623260259628297,"train_loss":0.1775999665260315}